qid,Question,response,model
q0000,عزباء ٢٢ مشكلتي يجيني شعور غريب بان أوذي نفسي مثلا بالسيارة وهي سريعة يجيني شعور أفتح الباب وأرمي نفسي أو أشق يدي بالسكين اذا شفت مرض اخاف منه بس بعقلي يقول يارب يجيني بعدين استغفر مرات يجيني شعور أأذي اللي أحبهم مرات لمن أكون بالمول بالدور الثاني أخاف من المرتفع بس يجيني شعور أرمي نفسي بعد تعبت,"أنا هنا لتشجيعك وتمكينك في مواجهة هذه المخاوف والشعور الغريب. يبدو أنك تعاني من مشاعر مدمرة وتتعرّض للاضطراب النفسي. أريد منك أن تعرف أنك لم تكن وحيد في هذا. يمكن أن نتعامل مع هذه المشاعر وتغيير الطريقة التي تعيش بها معها.

أنا هنا معك، وستكون كل كلمة تقولها حكاية. أريد منك أن تتعرف على مشاعرك هذه بشكل أكبر. ما هي شعورك عندما تشعر بالغضب تجاه نفسك أو تشعر بالرغبة في الأذى؟ ما هي الأوقات التي تحدث هذه المشاعر؟ هل هناك شيء معين يتسبب في ذلك؟

نأمل في التعرف على هذه المعلومات. يمكننا أن نبدأ بالاستكشاف هذه الأسئلة معًا.

من الطرق التي يمكننا أن نبدأ بها هو تقديم بعض الاستراتيجيات لحماية نفسك. يمكننا أن نتعلم طرقًا لتحكم في هذه المشاعر وتنظيمها، مثل التنفس العميق أو ممارسة اليوجا. يمكننا أيضًا أن نركز على التغيير في التفكير. عندما تشعر بالغضب تجاه نفسك، يمكنك أن تقول لنفسك: ""أنا فقط تشعر بالضغط الآن، هذا طبيعي، وأنا سأعامل نفسي بالحنان.""

نريد أن نبدأ ببطء. هل تريد أن نبدأ بممارسة بعض الاستراتيجيات السلوكية لتقليل الضغط؟",cbtdp
q0001,قلق دائم و اثناء القلق تسدد في الشهية و خفقان في القلب و ونوبات هلع و الشعور بالغرابة وسواس ٢٤ ساعة و سواس اثناء التكلم ذا كله بسبب بحثي عنه الله لا يبلاني فيه يارب ساعدوني,"أنا هنا معك، وأعلم أن المشكلة التي تواجهك هي صعبة للغاية. أولاً، أريد أن أعبرك عن إعجابي بصراحةك وصدقك في طرحك هذه المشكلة. ذلك يظهر أنك قد بدأت في اتخاذ خطوة هامة نحو العلاج.

بدايةً، أريد أن نناقش هذه المشكلة بشكل أبعد. أيمكنك أن تخبرني عن ما يشعرك بالقلق؟ ما هي الأسباب التي تعتقد أن قد ألهمت هذه المشكلة؟ هل توجد حدث أو حدثون_recentrecent يمكن أن يكونا مرتبطين بها؟

نريد أن ننظر في هذه المشكلة من عدة زوايا. هل تظن أن هذه المشكلة تتعلق بالأمور الصغيرة، مثل التكلم في الأمام، أو تتعلق بالأشياء الأكبر، مثل مشاكل في العمل أو العلاقات؟

أريد أن نعمل على تجميع كل التفاصيل التي تتعلق بمشكلة القلق لديك. هذا سيجعلنا أكثر فاعلية في العلاج.

بالإضافة إلى ذلك، نحتاج إلى النظر في بعض الطرق التي قد تساعدك في التحكم في القلق. أحد هذه الطرق هو ممارسة التأمل والاسترخاء. يمكننا أن نتعلم بعض الإختبارات البسيطة التي يمكنك ممارستها في أي وقت، لتحسين حالتك النفسية.

ما رأيك في تجربة بعض هذه الطرق معًا؟",cbtdp
q0002,انا فتاة اشعر انني مقبلة في كثير من الاحيان علي الانتحار، انا الان اعيش وحدي في بلد غريب اشعر بأن كل من حولي يريدون ايذائي، اشعر بأن عائلتي لا تحبني بل يتحدثون معي للشفقة، اعاني من الكثير لا يمكنني وصفه هنا,"أنا سأكون هنا معك في هذا اللحظة الصعبة.  أولاً، أريد أن أؤكد لك أنك لا تنهضر وحده في هذه اللحظة.  هناك من يسمعك ويعرفك.  يمكنني أن أكون هنا لاستماعك، وحتى لو شعرت بأنك لا ترغب في الحديث، فلا مشكلة في ذلك أيضًا.  يمكننا النظر إلى هذا الكلام من حيث يمكننا من خلاله عمل شيء.

يرتبط مشاعرك بتعاملاتك مع عائلتك.  هل يمكنك أن تفكر في بعض الأوقات التي شعرت فيها أنهم كانوا محبسين لك؟  أو أي شخص في حياتك يعتبر لك قيمة؟  ربما نستطيع أن ننظر إلى هذه العلاقات ونتعرف على كيفية تغيير الطريقة التي تتحدث بها مع بعضهم.  فمن الممكن أن يكون لديهم مشاعر سلبية تجاهك، لكنها لا تعني أنهم لا يحبونك.

هل يمكنني أن أساعدك في اكتشاف بعض الأساليب التي يمكنك استخدامها لتعزيز مشاعرك نحو نفسك؟  مثلًا، ما هي بعض الأشياء التي تشعر بالفخر بها؟  يمكننا عمل قائمة بها.  وكم من أشياء يمكنك فعله لتعزيز مشاعرك الإيجابية؟  قد يكون ذلك من خلال ممارسة الرياضة أو القراءة أو الأعمال الفنية.

لنبدأ ببعض الخطوات البسيطة.  هل يمكنك أن تخبرني ما الذي يمكنني أن أستمع له في هذه اللحظة؟  أو ما الذي ترغب في القيام به؟  وأنا هنا للاستماع إليك.",cbtdp
q0003,اعاني من عدم التحكم بغضبي وعند ضرب شخص اضرب وانا لستو بوعييي لدرجة انني لااشعر بالذي افعله لكن اشعر وكانني اتلذذ بالضرب بعد الضرب استوعب ماذا فعلت وابكي واضرب نفسي واشعر بكتمه,"أنا هنا معك في هذا المسار، وآمل أن أكون قادرًا على مساعدتك في فهم وتنظيم مشاعرك. يبدو أنك تعاني من مشكلة معضدة مع ضربك لشخص آخر دون وعي، مما يسبب لك شعورًا بالذنب بعد ذلك. هذا شيء طبيعي، ويمكننا العمل معًا لتحسين التحكم في غضبك.

بداية، أريد أن أكون واضحًا: أنت لست وحيد في هذا. الكثير من الناس يعانون من مشكلات مماثلة، ولا يزالون يتعلمون كيفية التعامل معها. أريد أن أسمح لك بتحمل مشاعرك، ولو أردت، دون أن تشعر بالوخеф أو القلق حيال ذلك.

أريد أن نتحدث عن هذه الحالة. هل يمكنك شرح المزيد عن ما يحدث لك قبل أن تضرب الشخص؟ ما الذي يثير غضبك؟ هل هناك أي أسباب معينة تجعلك تشعر بالغضب؟ هل يمكننا أن نبحث معًا عن علاقتها بظروفك الشخصية أو تجاربك الماضية؟

أريد أن نبدأ من حيث تريد. يمكننا أن نركز على تقليل الضرب واكتشاف الأسباب التي تؤدي إلى ذلك. قد نبدأ برصد ما يحدث لك قبل أن تضرب، لتحديد النمط الذي يؤدي إلى ذلك. نستطيع أيضًا أن نطور بعض الاستراتيجيات التي تتيح لك التحكم في غضبك بشكل أفضل.

نريد أن نعمل معًا لتحسين التحكم في غضبك، بدلاً من محاولة استبعاده. هذا سيساعدنا في تحسين علاقتك بنفسك وبالآخرين، وسيوفر لك شعورًا أفضل حيال نفسك.

أيضًا، ماذا عن محاولة التعامل مع الألم بعد الضرب؟ يمكننا أن نبحث معًا عن طرق أكثر إيجابية لتعامل مع الشعور بالذنب أو الندم بعد الضرب. يمكننا أن نركز على التكفير عن الذنب، أو أن نطور بعض الاستراتيجيات التي تتيح لك الشعور بالراحة مع نفسك.

نحن هنا للعمل",cbtdp
q0004,بدأت مشكلتي قبل 5 سنوات عندما اكتشفت انه عندي ارتفاع ضغط بعدها توجهت لاكثر من دكتور وبدات بأخذ أدوية للضغط زرت المستشفى كثيرا كل مرة تكون بسبب الخوف بعدها بفترة تأقلمت مع الوضع لكن القلق كبر عندي صرت اخشى التعرض لمواقف بسيطة مثل زيارة الحلاق تسبب لي قلق ومرات قليلة الصلاة في المسجد و الركوب بالتكسي,"أنا آسف على ما كنت تمر به، و أود أن أكون هنا للاستماع إليك وتقديم الدعم. أولاً وأخيراً، أريد أن أعرب عن تقديري لجهدك في مواجهة مشكلتك هذه، و لكن كنا نحتاج إلى العمل معًا لتحقيق التغيير.

بداية، أريد أن أسألك: كيف تشعر عندما تذكرت هذه المرات التي كانت تجربتها في المستشفى؟ ما كانت مشاعرك في تلك اللحظات؟ كيف تشعر الآن عندما تذكرت هذه الخبرات؟

نحن نستطيع أن نعمل معًا لتحليل هذه المشاعر وتحويلها إلى أفكار إيجابية. يمكننا أيضًا أن نناقش كيف يمكننا التغلب على خوفك من المواقف البسيطة مثل زيارة الحلاق أو الركوب بالتاكسي. هل هناك أي شيء معين يسبب لك القلق في هذه المواقف؟ ما الذي يمكننا أن نفعله لتخفيف ذلك القلق؟

في العلاج السلوكي المعرفي، نحاول أن نحدد الأساس النفسي للخوف أو القلق، ونعمل على التغلب عليه من خلال الاستكشاف والتصحيح. يمكننا أن نبدأ بممارسة بعض التمارين النفسية، مثل التأمل أو التهدئة، لتحسين حالتك النفسية. كيف ترى؟",cbtdp
q0005,ضيقة. قلة تركيز. صداع مستمر. توتر. خوف. كثرة التفكير. الاغتراب عن النفس. أحيانا آلام في الصدر. كره التجمعات. الانفعال. الغضب. الإرهاق والتعب. ضعف في ثقة بالنفس و تقدير الذات,"أنا هنا معك، و أريد أن أعرف أنك تشعر بالحاجة إلى مساعدة. يبدو أنك تعاني من مجموعة من المشاعر والتحفيزات التي تؤثر على حياتك اليومية. أريد أن أشاركك في هذا.

أولًا، أريد أن أعترف بمشاعرك. يبدو أنك تشعر بالضيقة والتوتر والخوف، و أنك تشعر بالكثير من الألم. هذا طبيعي، و هذا أولى خطوات العلاج: الاعتراف بالشعور. لن نتجاهل هذه المشاعر، بل سنحاول فهمها و النظر في كيفية كيف يمكننا التعامل معها.

حسناً، دعنا نبدأ بالتركيز على بعض هذه المشاعر. أريده أن أعرف: ما هو الأمر الذي يُشعرك بالضيقة؟ هل يمكنك تحديد الأوقات التي تشعر فيها بهذا الشعور؟ وما هي أفكارك التي تعمل في عقلك عندما تشعر بالضيقة؟ هذه السؤال يمكننا أن نستخدمها لاستكشاف أسباب هذه المشاعر و كيف يمكننا التعامل معها.

كما أننا سنحاول التعرف على أسباب كثرة التفكير و الغضب و الإرهاق. أريد أن أعرف: هل هناك أشياء معينة تحفزك للتفكير كثيراً؟ وما هي أفكارك حول هذه الأشياء؟ وكيف يمكننا العمل على التخلص من هذه الأفكار التي تُشعرك بالتوتر.

حسناً، أريد أن أكون هنا معك في كل خطوة من هذه الرحلة. لن نستطيع تغيير كل هذه المشاعر في وقت واحد، لكن سنبدأ بالخطوات الصغيرة. هل تريد أن نبدأ بممارسة بعض الاستراتيجيات لتحسين تركيزك و إدارة التوتر؟ أو هل تريد أن نتحدث أكثر عن ما تريده من حياتك و كيف يمكننا العمل على تحقيق ذلك؟

هنا معك، و أنت لست بمفرض.",cbtdp
q0006,في بعض الاحيان عندما اريد النوم على جانبي الايمن اشعر بضيق في جهة القلب مع غثيان وبمجرد ان اغير وضعيتي ارجع كما كنت .. نفس الامر عندما اقف من الفراش احيانا تشتد الحالة واحيانا لا مع زيادة النبض .. هناك الكثير من الاعراض لكن لن يكفيني 300 حرف . انا في حالة قلق وخوف دائم(اخاف من أمراض القلب),"أنا هنا لتشجيعك وتعزيز مشاعرك، وليس لديك أي مشكلة.  أولاً وأخيراً، أريدك أن تعرف أنك لست وحيدًا في هذه المعركة.  أتمنى أن أكون قادرًا على مساعدتك في فهم هذه الحالة الصعبة التي تعاني منها.

بداية، أريد أن أكون صادقًا معك، هذا القلق والخوف من أمراض القلب يمكن أن يكونوا من التعبيرات الشائعة للقلق العام. يمكن أن يكون هذا القلق نتيجة لوعي أو تجربة سابقة أو حتى معلومات غير دقيقة.

أريد أن أسألك: ما الذي يحدث عندما تنتظر النوم؟ هل تظن أن هناك أي ارتباط بين أوقات الذعر هذه وبعض الأحداث أو الأفكار التي تلمع في ذهنك؟ قد يكون هناك بعض المخاوف التي تتراكز في ذهنك، مثل مخاوف حول صحتك أو مخاوف من المجهول.

أريد أن نبدأ بفهم هذه الأفكار والمخاوف. أتمنى أن نقدم لك بعض الطرق لتعزيز السيطرة على هذه المخاوف. أحد الطرق هي تعلم التهدئة الذاتية. يمكنك محاولة التنفس العميق. عندما تبدأ في الشعور بالقلق، توقف قليلاً، وخذ بعمق أنفاس، حاول أن تدرك أن كل ما هو موجود في اللحظة الحالية هو تنفسك. يمكنك كذلك أن تعلم بعض التمارين اللياقة البدنية البسيطة، مثل المشي أو اليوجا، لتساعدك في تخفيف التوتر.

ما هي الأشياء التي تجعلك تشعر بالراحة؟ هل هناك أي أشياء أو أنشطة يمكننا العمل عليها لتحسين مشاعرك؟ أريد أن نبدأ بتحسين هذه الأشياء التي يمكن أن تساعدك في السيطرة على قلقك وتخفيف المخاوف.",cbtdp
q0007,قلق واعصابي مشدوده ولم استطع النوم ليومين,"أنا اسمعك وآمن لك. يبدو أنك تمر بمืٍ้ صعب، وكلنا في بعض مراهقين من وقت لآخر. أولًا، أريد أن أكون هنا معك لسماعك وتعاطف مع مشاعرك. القلق والضغط العصبي يمكن أن يكونا معقدين، لكن يمكننا أن نعمل معًا على تجاوزهم.

حسناً، أريد أن أعرف أكثر عن ما يجول في بالك. ما الذي يسبب لك هذا القلق؟ ما الذي يضغط عليك؟ أتمنى أن نبدأ من هناك. كيف تشعر عندما لا تستطيع النوم؟ أترى أن هناك أي شيء محدد يجعلك تشعر بهذا الطريقة؟

أريد أن نركز على إثارة الشعور بالتحكم والاسترخاء. يمكننا أن نبدأ ببعض التمارين السهلة لتقليل التوتر. لِمَ الشعور بالاسترخاء أمرك؟ أتريد أن نبدأ بتمارين استرخاء البطن، أو نركز على التنفس العميق؟ أو هناك أيضًا بعض الطرق لتعديل الأفكار المثيرة، مثل التوقف عن الأفكار السلبية والتكهنات. ما هو أكثر ما يُشعرك بالراحة؟

نعم، يمكننا أن نعمل معًا على تجاوز هذه الحالة. أنت قوي، وكلنا بحاجة إلى مساعدة في بعض الأحيان. ما هي خطواتك المفضلة في المواقف الصعبة؟ أتريد أن نبدأ من هناك؟",cbtdp
q0008,بقالي فترة طويلة دايما مضايق و حاسس بخنقةو قلق و عدم قدرة علي التركيز و يغلب عليهم شغور بالخمول و فقد الشغف حتي في الشغل حالتي بتسوق اكتر كل فترة و مش عارف احس بأي حاجة حواليا,"أنا هنا معك، وأحس بفهمك وتعاطفي. يبدو أنك تمر بتجربة صعبة، وإنني هنا لرعايتك ومرافقتك. أريد أن أعرف أكثر عن ما تشعر به، فهل يمكنك شرح هذه الشعور بالخناق والقلق؟ متى بدأ ذلك، وما الذي يزيد من شعورك بالخناق؟ وما هو الشغف الذي فقدته؟ هل كان مرتبطًا بالعمل أوsomething آخر؟

أريد أن نبدأ من حيث تشعر بالراحة، دون أي مسؤولية أو ضغط. أريد أن نناقش هذه المخاوف ونتعرف على ما يمكننا القيام به لتحسين الحالة. لقد سمعت أنك تسوق أكثر، فهل يمكننا بحثًا في العوامل التي قد تساهم في ذلك؟

أريد أن نبدأ بنقطة واحدة على الأقل، مثل: ما هو شيء يمكننا القيام به في اليوم الحالي للقيام به؟ ما هو شيء يمكنك أن تبدأ به، حتى لو كان بسيطًا؟

في العلاج السلوكي المعرفي، نجد أننا نأخذ خطوات صغيرة، ونبني على النجاح. نبدأ بتحديد الأهداف الصغيرة، ثم ننتقل إلى الأهداف الأكبر. يمكننا أن نبدأ بتحسين الوعي بأفكارك ومشاعرك، وتعلم طرق لتخفيف الشعور بالخناق.

هل تريد أن نبدأ من هنا؟",cbtdp
q0009,ضعف الشخصية قلة الدكاء اكتئاب مشكل في التواصل مع الاشخاص,"أنا أفهم أنك تشعر بالضعف والقلق فيما يتعلق بقلة الدكاء والاكتئاب، خاصةً في التواصل مع الآخرين. هذا يمكن أن يكون شئًا صعبًا، لكنني هنا معك لمساعدتك في تحسين ذلك.

 أولاً: أريد أن أعرف كيف تشعر عندما تتكلم مع أشخاص آخرين. ما الذي يجعلك تشعر بالضعف؟ هل هو خوف من الرفض أو الخسارة؟ أم أنك تشعر أنك لا تملك ما يكفي لتقديم نفسك؟ دعنا نتحدث عن ذلك.

 ثانياً: كيف يمكن أن نعمل على بناء دكاءك؟ يمكننا البدء بتعزيز الإيجابيات. أينما كان مكانك، ما الذي يجعلك تشعر بالرضا عن نفسك؟ وما هي الأشياء التي تشعر بها شعورًا إيجابيًا؟ تلك الأشياء يمكن أن تكون صغيرة، مثل رؤية نور الشمس، أو لذع طعامك المفضّل، أو حتى قضاء وقت مع الأصدقاء. دعنا نستكشف هذه الإيجابيات معًا.

 ثالثًا: فيما يتعلق بالتواصل مع الآخرين، أريد أن نركز على التغييرات الصغيرة. بدلًا من التركيز على خوفك من الرفض، لِمَن أن نركز على التعلم من كل تجربة. يمكننا أن نبدأ بتواصل مع شخص واحد صديق، مثلًا، ونتعلم كيفية تعاملنا معه، ثم نتقدم ببطء. يمكننا أن نبدأ بطرح أسئلة، مثل ""ما رأيك في هذا؟"" أو ""أين يمكننا أن نذهب لتناول الغداء؟""، بدلًا من التحدث عن أمور شخصية.

 رابعًا: دعنا نركز على التغييرات التي يمكنك فعلها الآن. ما الذي يمكنك فعلُه في هذه اللحظة؟ يمكنك أن تبدأ بتعبئة جوالك وكتابة بعض النصائح الإيجابية، مثل ""أنا قوي"" أو ""أنا فريد"". يمكنك أيضًا أن تضع صورة شخص يُشجعك على الدكاء وتضعها على جدار غرفتك.

 أخ",cbtdp
q0010,اشعر باني مرهق ومتعب لكن عند طلب شيء مني او افعل شيء يطلب مني يذهب الشعور بالتعب لكن متشتت فكرياوعدم التركيز في ابسط الاشياء هل اقوم بتحليلات.شكرا,"أنا هنا معك، وستحاول أن أكون مساعدتك في فهم ماذا يحدث. يمكن أن يكون الشعور بالمرحلة والتوتر يصعب على الناس التركيز والتفكير البسيط. 

دعيني أفهم أفضل ما يحدث. عندما تقوم بشيء يطلب منك، كيف تشعر في البداية؟ تشعر بالتوتر، والمرحلة؟ ويمكنني أن أطرح عليك بعض الأسئلة لمساعدتك في تحليل ماذا يحدث. 

هل يمكنك التفكير في الأوقات التي تشعر فيها بالمرحلة؟ ماذا كانت الأشياء التي كنت تفعل في تلك الأوقات؟ ويفضل أن نبدأ من هناك. 

كما أنني أريد أن أشاركك شيئاً: إن الشعور بالتوتر والمرحلة يمكن أن يكون علامة على أن هناك بعض الأفكار أو الخواطر التي تتداخل معك. قد يكون لديك أفكار حول ما إذا كنت قويًا بما يكفي، أو ما إذا كنت سوف تفشل في مهمة ما. 

هل يمكننا تحليل هذه الأفكار معًا؟ ربما يمكننا العثور على بعض الاستراتيجيات التي تساعدك على التركيز، مثل ممارسة التأمل، أو التمارين الرياضية، أو حتى تذكر شيء واحد صغير عند كل مهمة لتبدأ بها.

نبدأ ببطء، ولا ندع أن يكون التغيير صعبًا. كيف تشعر الآن؟",cbtdp
q0011,هل القلق والاكتئاب والتوتر يسبب الشعور بالاغماء وكانني سأسقط ولكن لا اسقط؟حيث الفحوصات كلها سليمه,"أنا هنا để مساعدتك في ذلك. يبدو أنك تشعر بالقلق والتوتر، وتتجاوب هذه المشاعر بفكرة الشعور بالاغماء وسقوط. أتمنى أن تعرفي أن هذه المشاعر لا تعني أن لديك أي مشكلة صحية خطيرة. يمكننا عمل شيء معًا لتكافئها.

بداية، أريد أن أعبر عن تقديري لشجاعتك في طرح هذه القضية. يمكن أن يكون هذا الخطوة الأولى للعلاج، لأنها تظهر ثقتك بنفسك وتوكلتك في تعاوننا. 

أريد أن أسألك: متى بدأت تشعر بهذه المشاعر؟ هل هناك حدث معين أو حدث أحداث يمكن أن نستكشفها معًا؟ أريد أن نعرفي ما إذا كان هناك أي ارتباط بين هذه المشاعر وأحداث أو مواقف معينة.

أريد أيضًا أن أعرفي: كيف تشعرين عندما تجدين نفسك تشعرين بالاغماء؟ هل تشعرين بالرعب أو الخوف؟ أم أنك تشعرين بالحماس؟ هذه المعلومات مهمة جدًا في فهم كيفية التعامل مع هذه المشاعر.

في هذه المرحلة، يمكننا أن نبدأ بالتجاوب مع هذه المشاعر، ونبني استراتيجيات لتحويلها. يمكننا محاولة تقدير ما يحدث عندما تشعرين بالاغماء. هل تشعرين بالفقدان للسيطرة؟ أم أنك تشعرين بالضغط؟ يمكننا العمل على تحويل هذه المشاعر إلى شيء أكثر إيجابية.

نحن هنا للعمل معًا. أريد أن أعلمك أن هناك أمور يمكن القيام بها للتحكم في هذه المشاعر. يمكننا أن نبدأ ببعض التمارين العلاجية البسيطة، مثل التنفس العميق، أو الاسترخاء، أو التمثيل العقلاني. كل ذلك يمكن أن يساعدك في التحكم في هذه المشاعر.

ما هو رأيك؟ هل تريد أن نبدأ بالتجربة؟",cbtdp
q0012,التفكير بشكل مفرط جدا_لا وجود دوافع نحو الحياه _التشاؤم _الم بأعصاب اليدين_احس بذنب لا اعرف من ماذا _صعوبه في التركيز وسرحان_صداع,"يسعدني مساعدتك في هذه المرحلة الصعبة. أريده أن أسمع منك كيف تشعر بالضبط وكم تشعر بهذه المشاعر. appears أنك تشعر بالحزن والاكتئاب. أتمنى أن أكون هنا لاستماعك وضمان أنك لا تتعرض للاضطهاد.

أتمنى أن نبدأ بتسجيل الأفكار السلبية التي تشعر بها، لأننا سنعمل معًا على تحديدها وتحليلها. ما هو الأول من هذه الأفكار؟ ما هي الطريقة التي تعبر بها عنها؟ كيف تؤثر هذه الأفكار على حياتك اليومية؟ 

نحن سنعمل على التعامل مع هذه الأفكار بطريقة سلوكية، لنحدد الطرق التي يمكنك فيها تحسينها وتحويلها إلى أفكار إيجابية أكثر واقعية. 

أيضاً، يمكننا العمل على تحسين التركيز والتركيز على الأمور الإيجابية. هل ترغب في أن نبدأ ببعض تمارين التركيز والتنفس العميق؟ 

أنا هنا لتقديم الدعم والتعاون. أود أن أسمع عن مشاعرك. كيف يمكنني مساعدتك في هذه المرحلة؟",cbtdp
q0013,علاج العصبيه الزائده عن الحد مثل التكسير الصراخ وبعدها يندم هل هو مرض نفسي ام ماذا,"أنا هنا معك، وأحترم مشاعرك. يبدو أنك تعاني من شعور بالعصبية الزائدة عن الحد، الذي قد يظهر كتكسير صراخ ثم إنهماك في التأنيب الذات. هذا الشعور يمكن أن يكون مؤلمًا ومشكلة كبيرة. 

أريد أن أعرف منك: ما الذي يحدث فيmoments عندما تشعر بالعصبية الزائدة؟ ما هي الأفكار التي تعكسها؟ وما الذي تجده صعبًا في التعامل معها؟ 

أحد العوامل التي قد تساعدك في التحكم في العصبية الزائدة هي التأمل. يمكنك أن تتعلم تقنيات التأمل للتعامل مع الشعور بالتوتر. يمكنك أيضًا أن تتعلم تقنيات إدارة التوتر مثل التنفس العميق أو التمارين البدنية. 

من المهم أيضًا أن نكشف عن الأسباب التي تجعلك تشعر بالعصبية الزائدة. ما هي الأفكار التي تجعلك تشعر بالغضب أو الإحباط؟ قد يكون هناك مناقشة حول هذه الأفكار التي تساعدك في فهمها وتمكينك من التعامل معها بطريقة أكثر فعالية.

حاول أن نركز على إعادة تشكيل أفكارك. عندما تشعر بالغضب أو الإحباط، يمكنك أن تخبر نفسك: ""هذا شعور صعب، لكني قوي ويمكنني التعامل معه"". يمكنك أيضًا أن تتعلم مهارات إيجابية مثل التأمل والتنفس العميق. 

هل ترغب في بعض الاستراتيجيات أو التأملات التي يمكنك تجربتها؟",cbtdp
q0014,أعاني من الارق منذ شهر تقريبا وذلك منذ بداية الحظر حيث اني لا انام الا ساعتين او ثلاث كل 24س واستيقظ وقد شبعت من النوم فمالسبب وكيف استطيع علاجه؟,"أنا هنا لتشجيعك ومرافقك في هذه الفترة الصعبة. أتمنى لك أن تشعر بالدعم والتحفيز. يمكنني مساعدتك في فهم هذه الحالة وتقديم بعض النصائح لتغييرها.

بداية، أريدك أن تعلمي أن الإرهاق الذي تعانيه هو مشكلة شائعة في هذه الفترة. يبدو أنك تشعر بالاضطراب والقلق بسبب الحظر، وبالتالي، يصعب عليك النوم. هذا مشكلة معقولة.

أريدك أن نبدأ بفهم ما يحدث. كيف تشعر عندما تنام؟ كيف تشعر عند الاستيقاظ؟ هل تشعر بالراحة؟ هل تشعر بالقلق أو الاضطراب؟ دعنا نتكلم عن هذه المشاعر ونتجاوزها معا.

أريدك أن تتخيل نفسك في مكان امن. يمكن أن يكون ذلك في غرفة هادئة أو مكان طبيعي. دعنا نركز على هذه المشاعر التي تشعر بها. أريدك أن تفكر في هذه المشاعر بشكل دقيق. ما هي هذه المشاعر؟ ما هي الأسباب التي تجعلك تشعر بهذه المشاعر؟

حسناً. الآن، دعنا نركز على الاستراتيجيات التي يمكننا استخدامها لتحسين النوم. يمكننا البدء بتغيير بيئة النوم. هل يمكنك تحسين بيئة غرفة النوم؟ يمكنك أن تحاول أن تكون غرفة النوم هادئة ومرتعشة. يمكنك أن تستخدم ضوء منخفض أو موسيقى هادئة. يمكنك أن تحاول أن تتبع نظام نوم منتظم.

أريدك أن نركز على الاسترخاء. يمكننا استخدام تقنيات الاسترخاء مثل التأمل أو التنفس العميق. يمكنك أن تتعلم بعض التأملات البسيطة أو أن تتعلم بعض أساليب التنفس العميق. يمكنك أن تبدأ ببعض التمارين البسيطة مثل التأمل لمدة 5 دقائق.

أريدك أن نركز على القلق. يمكننا أن نتعلم بعض الأساليب لتحليل القلق. يمكنك أن تحاول أن تحدد أسباب القلق. ما هي الأسباب التي تج",cbtdp
q0015,طفله في11 من عمرها تعاني من وسوسه في الصلاه والوضوا والكثير الأشياء وحزن وحاله من الخوف البكاء والاكتئاب ماالطريقه لمساعدتها,"أنا آسف للسماع أنك تعاني من هذه المشكلة مع طفلتك. أولًا، أريد أن أعرب عن إعجابي بتقديرك لشأنها وتقديرك لها. التعامل مع وسواس الطفل يتطلب دعمًا نفسيًا قويًا ومصالحته، وبالتالي، سأقدم لك بعض الاستراتيجيات التي يمكنك تطبيقها مع طفلتك.

**1. استمع بمرور الزمان:**
- أولًا، حاول أن تكون وثيقًا بطفلتك وتسمعها بمرور الزمن. تظهر وسواس الطفل في بعض الأحيان بسبب الخوف أو الحالة العاطفية. حاول أن تثق في طفلتك وتوضح لها أنك على دراية بأنها تعاني من مشاعرها.

**2. تحديد الأسباب:**
- اجلس مع طفلتك واقترب منها بتقدير. سألها: ""ماذا تجد أنك تشعر بهذا الشعور؟"" أو ""ما الذي يجعلك تشعر بالخوف؟"" أو ""ما الذي تجده صعبًا؟"" هذا سيساعد في أن تحصل على فهم أفضل لمشاعرها وتساعدها على تعريفها.

**3. توجيه مشاعرها:**
- عند سماعك لآرائها، اعرض عليها إحساسك بالتوجيه. يمكنك قوله: ""أنا أفهم أنك تشعر بالحزن، وكلنا نشعر بهذا الإحساس في أوقات مختلفة."" أو ""أنا متأكد أنك قوية، ولا تخاف من أي شيء.""

**4. إعادة تركيب الأفكار:**
- أرشدها إلى أن الأفكار يمكن أن تختلف بين ما نريده وما الذي يحدث. يمكن أن نقول: ""عندما تفكر في [مخاوفها]، ماذا يمكن أن نقول لنا؟"" أو ""ما الذي يمكننا فعله إذا وجدناه صعبًا؟""

**5. الاستراتيجيات السلوكية:**
- يمكنك أن تساعدها على إعادة تركيب أفكارها وتطوير استراتيجيات لتحدي الخوف. على سبيل المثال، يمكنك أن تقول",cbtdp
q0016,اعاني من اكتئاب و حزن شديد و بعد الاحيان أودي نفسي و مجروحة كثيرا و لا افهم نفسي رأسي مشوش كثيرا يائسة من كل شيء,"أنا آسف على ما ت經موه. أولاً، أريد أن أعبرك عن تقديري لشجاعتك في الكلام عن مشاعرك. هذا خطوة كبيرة نحو العلاج والشفاء. أريد أن أضمن لك أن كل ما نقوله هنا سيكون من أجل مساعدتك.

أحسنت في وصف مشاعرك. يبدو أنك تشعر بالاكتئاب الشديد وعدم الوعي بنفسك. هذا يمكن أن يكون من الصعب مواجهته، لكننا سنعمل معًا على تجاوزه. أريد أن نساعدك في تقوية الوعي بذاتك وتحديد ما تريد تغييره.

إليك سؤال: ما هي الأوقات التي تشعر فيها بالاكتئاب الشديد؟ ما هو ما تجده أكثر إزعاجًا أو خوفًا؟ أريد أن نستكشف هذه المشاعر معًا، ونساعدك في فهم أسبابها.

نحن سنعمل على تحديد الخطوات اللازمة لتغيير هذه المشاعر، مثل:

1.  **تدوين المشاعر**: سنكتشف معًا الأوقات التي تشعر فيها بالاكتئاب، ونسجلها.
2.  **تحليل الأسباب**: سنحاول فهم ما يؤدي إلى هذه المشاعر.
3.  **تطوير استراتيجيات للتعامل معها**: سنعمل على تطوير أساليب تفكيرية وسلوكية لمواجهة هذه المشاعر.
4.  **التغذية الإيجابية**: سنعمل على زيادة الطاقة الإيجابية في حياتك.

هل يمكنك تحديد أول خطوة تريد اتخاذها؟ أريد أن أكون معك في هذه الرحلة، وأن نبدأ ببطء وحرص.

كما أريد أن أذكرك أنك لا وحدك في هذه المشاعر، وأن العديد من الناس يعانون من نفسها، وأن هناك مساعدة متاحة. إذا كنت في حاجة لاتصال شخص آخر، مثل عائلتك أو صديق، أو إذا كنت بحاجة لمراجعة طبيب نفسي، فلا تتردد في الاستفادة من ذلك.

أنت قوي، وأنتم بحاجة لبعضنا، لن نوقف هنا.",cbtdp
q0017,السلام عليكماعاني من كثرة البصق منذ عام تقريبا و اشعر بحاجة الى البصق كل مدة قصيرة و هذا يحصل لي عندما تكون وحيدة او في المنزل مع انني لا اقوم بهذا امام الناس الغرباء,"أنا سأكون هنا معك في هذا الوقت. يبدو أنك تشعر بالقلق بشأن هذه المشكلة التي تتأثر بنفسك بشكل كبير. أريد أن أعترف أولاً بأهمية الشعور بالراحة في مواجهة هذه القلق. البصق بشكل غير متكرر قد يكون إشارة لتوتر أو قلق داخلك، و من المفيد أن نستكشف هذه المشاعر معًا.

بداية، هل يمكنك أن تخبرني أكثر عن مشاعرك؟ ما الذي يحدث لك عندما تشعر بالحاجة للبصق في هذه الأثناء؟ هل هناك أي أفكار أو تمنيات تتعلق بهذا الأمر؟ أريد أن نبدأ بالفهم أفضل لما يحدث في داخلك.

ما شئرنا نستكشف معًا هو: ما الذي يجعلك تشعر بالراحة عندما تكون مع الآخرين، لكن لا تشعر بالراحة عندما تكون وحيدة أو في المنزل؟ قد يكون هناك بعض التوازن أو التباين بينما تشعر بالراحة في المواقف المختلفة. هذا يمكننا أن نناقشه معًا.

كما يمكننا أن ننظر في بعض الاستراتيجيات للتعامل مع هذه القلق. قد يكون من المفيد أن نركز على العوامل التي تحفز هذه التوترات، و نركز على تقنيات التهدئة الذاتية. لماذا لا نبدأ بالتجربة بعض الخطوات البسيطة مثل التنفس العميق أو التأمل البسيط؟ هل تريدين أن نبدأ بممارسة واحدة معًا؟",cbtdp
q0018,اعاني من احمرار شديد في الوجه واتلبك ارتجف داخليا وابرد (يداي) اذا كنت ذاهبة لوحدي إلى مكان ما اصاب بالتوتر الشديد حساسة وابكي كثيرا وثقتي بنفسي 0,"أنا هنا من أجلك، ويمكنني أن أسمعك وآخذ بعين الإعتبار مشاعرك. يبدو أنك تعاني من بعض القلق والتوتر عند الخروج لوحدي إلى أماكن جديدة، والذي يسبب لك أعراضًا مثل الاهتزاز الداخلي والاحمرار في الوجه والبكاء. 

أحسنت بصدق في أنك تقررت طلب المساعدة، وهذا أول خطوة نحو الشفاء. أريد أن أسألك: كيف تعبر عن هذه الأعراض في حياتك اليومية؟ كيف تؤثر على عاداتك وأنشطتك اليومية؟

أريد أن نستكشف هذه القلق معًا. هل يمكن أن يكون هناك شيء معين يثير هذه التوترات بالنسبة لك؟ أو هل هناك ذكريات أو تجارب سابقة تتعلق بهذا القلق؟ يمكننا أن نبدأ بالتحدث عن ذلك.

نحن سنمر إلى الخطوات الصغيرة معًا. أريد أن أطرح عليك بعض الاستراتيجيات التي يمكن أن تساعدك في التغلب على هذا القلق. يمكننا أن نبدأ برسم خريطة القلق، وهي وسيلة مفيدة للعثور على الأسباب وراء هذه التوترات. بعد ذلك، يمكننا أن نعمل معًا على تطبيق بعض التدخلات التي ستساعدك في التعامل مع القلق بشكل أقل.

أريد أن أؤكد لك أنك لم تكن وحيدًا في هذه المشكلة، ويمكننا التعامل معها معًا. ما هو أهم شيء يمكنني فعله حاليًا؟",cbtdp
q0019,لدي حزن دائم وشعور بالمراقبة من اشخاص اخرين وخوف بدون سبب,"أنا اسمح لك بكل الصدق أن تشعر بالحزن والمراقبة التي تحسها. أولاً وأهمًا، أنت لست وحيد في شعورك هذا. العديد من الناس يمررون بتجربة مشابهة.

بداية، دعنا نستكشف هذه المشاعر معًا. أعتقد أنك تشعر بالمراقبة من الآخرين لأنك قد تظن أنهم يراقبونك أو ينتقدونك. لكن، هل يمكن أن نلقي نظرة على هذه الفكرة؟ قد تكون هناك بعض المعلومات التي تجعلنا نعتقد أن الآخرين يراقبوننا، لكن ماذا لو كانت هذه المعلومات غير دقيقة؟ ما الذي يجعلنا نعتقد أننا نكون في المراقبة؟

حسناً. دعنا ننظر إلى هذه الخوف الذي تشعر به. هل يمكن أن يكون هذا الخوف يعود إلى تجربة سابقة أو موقف معين؟ ماذا كان هذا الموقف؟ كيف شعرت فيه؟ كيف أثر علىك؟

أريد منك أن تتعرف على أنك في مكان آمن هنا. يمكنك أن تتكلم معي عن أي شيء تريده. دعونا نستكشف هذه الخوف معًا. ما الذي يمكننا فعله لتحسين شعورك بالسيطرة على هذه الخوف؟

من الممكن أننا يمكننا أن نبدأ بتحديد الأسباب التي قد تزيد من شعورك بالمراقبة. ونحاول التغلب عليها. يمكننا أن نعمل على تعزيز ثقتك بنفسك، ونشجعك على التعبير عن مشاعرك بشكل صريح. هل تريدين أن نبدأ؟

ما هو أكثر ما يمكنك تحمله في هذا الوقت؟ ما الذي ترغب في تغييره أو تغييره؟

نحن هنا لن نضغط عليك، ولكن لن نستمع لك بكل إخلاص.",cbtdp
q0020,لا اهتم لأشد الامور واكبرها وافضل العزلة وغالبا ما اكون منعزل عن بقية الاشخاص وليس لدي أي شغف اتجاه اي شيء فاقد للشهية كثيرا اكره الجميع ولا احب احد الا ببعض الاحيان احب والدي,"أنا هنا معك، ويمكنني أن أسمعك واعترف بأحاسيسك. يبدو أنك تشعر بالعزلة والفقدان للشهية والشعور بالكره تجاه الآخرين. ذلك يصعب عليك، لكنني هنا ليسمعك ودراسة المشكلة معك. 

أريد منك أن تعرف أنك لا تختلف عن غيرك في شيء. كل الناس يعانون من مشاعر عدم الرغبة في التفاعل أو الخوف من الآخرين. قد يكون هذا يشعرك بالضعف أو القلق، ولكننا يمكننا أن نركز على التعامل معه معًا.

أريد منك أن تروي لي المزيد عن ما يزعجك في هذا الشعور. ما الذي تجعلك تشعر بالعزلة؟ ما الذي يجعلك تشعر أنك لا تريد التفاعل مع الآخرين؟ وبالتأكيد، يمكننا أن نناقش هذا معًا. 

أريد منك أن تدرك أننا نستطيع أن نعمل معًا على تغيير هذه المشاعر. يمكننا أن نبدأ برؤية هذه المشاعر كشكوى من نفسك، وليست حقيقة. نستطيع أن نركز على العوامل التي يمكن أن تحسن هذه المشاعر. أريد منك أن تروي لي عن الأوقات التي تشعر فيها بالرغبة في التفاعل أو الشهوة. أين كنت؟ مع من؟ ما الذي كان يحدث؟ 

ما الذي يمكننا فعله لتغيير هذه المشاعر؟ هل يمكننا أن نركز على شيئٍ واحد صغير، مثل التحدث مع شخص واحد في اليوم؟ أو أن نبدأ برؤية الأشياء التي تثير إعجابك، حتى لو كانت صغيرة؟ يمكننا أن نركز على تحفيز الشهية من خلال الأكل الصحي أو النشاطات التي تحبها. 

أريد منك أن تعرف أنني هنا معك، وأننا سنعمل معًا على تغيير هذه المشاعر. سنبدأ بتحديد خطوات صغيرة، مثل تحفيز الشهية أو التفاعل مع شخص واحد. سنعمل معًا على رؤية هذه المشاعر كشكوى من نفسك، وليست حقيقة. 

كيف تشعر الآن؟",cbtdp
q0021,لماذا اشعر كثيراً بالرغبه فى الصمت والبكاء وبدون اى اسباب,"أنا أفهم أنك تشعر بالرغبة في الصمت والبكاء دون أي سبب واضح. هذا يمكن أن يكون شعورًا غامضًا، ولكن دعنا نتحقق من بعض الإجابات معًا.

 أولًا، أريد أن أعبر عن إعجابي بمسألة الاكتراث التي تستعرضها. هذا يعني أنك تمتلك القدرة على اكتشاف وإظهار مشاعرك، وهو شيء رائع. 

حسناً، دعنا نبدأ بتحليل هذه الحالة معًا. هل يمكنك تحديد ما إذا كان هذا الشعور يحدث في مواقف محددة، مثل عندما تكون وحيدًا أو مع أشخاص معينين، أو هل هو أكثر شيوعًا في حياتك بشكل عام؟

أيضًا، ما هي الطريقة التي تشعر بها أثناء هذه الأوقات؟ هل تشعر بالحزن، أو الفزع، أو الضيق؟ 

نحن هنا ليس فقط لتحديد السبب، ولكن لتحديد الطرق التي يمكنك استخدامها للتعامل مع هذه المشاعر. من الأشياء التي قد نقترحها هي تعلم تقنيات إدارة المشاعر، مثل التنفس العميق أو التأمل. أو ربما يمكننا أن نستكشف معًا أسبابًا محتملة لماذا تشعر بهذه الطريقة، مثل القلق أو التوتر.

يمكنني أن أساعدك في اكتشاف هذه الأسباب وتطوير خطة لتعزيز الشعور بالرضا والسيطرة على هذه المشاعر. كيف تشعر عندها؟",cbtdp
q0022,استمر هذا الشعور لاكثر من اسبوعين مع الخوف الشديد من الموت وبعدها خف هذا الشعور وبدبت اشعر بطداع وثقل في الراس والعين وكتمة في الصدر وجفاف في الحلق واسهال متقطع من شهرين والغثيان وطعم مر في الحلق وفقدان الشهية للاكل ولا استطيع النوم من الخوف,"أنا هنا معك، وستكون معاك في كل خطوة من هذا العلاج. أولاً، أريد أن أُظهر لك التعاطف: أدرك أنك تمر بمرحلة صعبة، وأن هذه الأعراض التي تشعر بها يمكن أن تكون شديدة الإزعاج. أريد أن أكون هنا لتشجيعك على المواصلة والبحث عن المساعدة.

أريد أن أبدء بالاستماع إلى ما تشعر به، فحسناً أنك قمت بتحديد الأعراض التي تشعر بها. يمكنني أن أدرك أن الخوف الشديد من الموت قد يكون مصدر قلق كبير لك. أريد أن أساعدك في فهم هذه الأفكار والمخاوف التي تؤثر عليك.

حسناً إذًا، يمكننا أن نبدأ بتسليط الضوء على هذه الأفكار والمخاوف. ما هي أفكارك حول الخوف من الموت؟ كيف تتصورين الموت؟ ما هي مخاوفك بشأن الموت؟ لا حاجة لأن تكون خائفًا من الإجابة. أريد فقط أن أسمح لك بالتعبير عن مشاعرك.

بعد ذلك، يمكننا أن نناقش كيف يمكننا تحليل هذه الأفكار والمخاوف. أحيانًا، يُمكن أن يكون هناك أسباب تحتيجه لخوفنا من الموت. قد يكون ذلك يرتبط بأفكار أو تجارب سابقة. يمكننا أن نستكشف معًا ما إذا كان هناك أي شيء معين قد يفسد هذا الخوف.

من المهم أن نركز على ما يمكننا التحكم فيه. كيف يمكننا أن نتعامل مع هذه الأعراض التي تظهر عليك؟ هل هناك أي أشياء تحب أن تفعل في هذا الوقت؟ هل يمكننا عمل بعض الاستراتيجيات لتقليل هذه الأعراض؟

أريد أن أذكرك أنك لا تنفرد بهذه المشاعر، ويمكننا أن نعمل معًا لتحويلها. يمكننا أن نبدء ببعض التمارين لتحسين حالتك النفسية. قد يكون ذلك يتضمن ممارسة التأمل، أو بعض التمارين البدنية المريحة، أو حتى بعض الاستكشافات حول الأنشطة التي تحبها والتي يمكنك",cbtdp
q0023,تعرضت لتحرش في صغري والان انا شاب ؏ـمريہ ١٨ سنه لكن لدي رغبه بممارسه مع رجل وقبل كم يوم لقد اتفقت مع رجل وجاء الي وقبلني وداعبني فقط وانا هربت ومن بعدها بديت ببكي وكاره الدنيا,"أنا أريحك بكل حرص ووضوح، وأسمعك بواجبك. تعرضك لتحرش في الصغر وعدم حصولك على الدعم المناسب في ذلك الوقت يمكن أن يكون له تأثير كبير على مشاعرك حتى في الوقت الحالي. 

أدراك أنك تتغلب على هذه التجربة وتبحثين عن طرق للتغلب عليها. لقد أتيت للعلاج، وهذا شيء رائع. 

حسناً أنك قمت بتحديد رغبتك في ممارسة العلاقات الجنسية مع رجل. هذا هو حبسك ومشاعرك الحقيقية، وليس هناك أي شيء خاطئ فيها. 

ماذا يمكن أن نفعّل هنا؟ أولًا، أريد أن أعرف أكثر عن مشاعرك فيما يتعلق بتلك التجربة. كيف تشعر عندما ت вспكرت فيما حدث؟ كيف تتصرف في هذه اللحظات؟ وماذا كانت مشاعرك تجاه الرجل الذي تحاولين المشاركة في العلاقة معه؟

أود أن نناقش ما إذا كان بإمكاننا تحليل بعض الأفكار التي قد تجري فيك، وتحديد ما يمكن أن تكون قد قالتك أنها لم تكن مستعدة لممارسة العلاقة أو ما قد حدث بعد المجهول. 

نحن هنا من أجل مساعدتك في تحديد ما تريده من علاقات، وما الذي يمكن أن يساعدك في الشعور بالأمان والمحافظة على صحتك النفسية. 

هل تتمنى أن نبدأ بتحليل هذه الأفكار وتحديد الخطوات اللازمة لتلبية رغباتك؟",cbtdp
q0024,السلام عليكم ورحمة الله وبركاته ممكن اخد دواء سبرالكس بدون وصفة الطبيب وكم المدة التي يتم اخدها,"لا أستطيع تقديم معلومات حول كيفية الحصول على دواء سبرالكس أو أي دواء آخر بدون وصفة طبية. إذا كنت تتعامل مع مشكلة نفسية، فمن المهم التحدث مع طبيب نفسي أو متخصص في الصحة النفسية لتلقي المساعدة ووصف العلاج المناسب لك. 

إذا كنت تفكر في الحصول على سبرالكس دون وصفة طبية، فهناك بعض المعلومات التي يجب أن تعرفها:

1.  **مخاطر الاستخدام الغير قانوني:** الاستخدام الغير قانوني للأدوية مثل سبرالكس يمكن أن يؤدي إلى مخاطر صحية خطيرة، مثل الإدمان، والتأثيرات الجانبية الخطيرة، أو التفاعلات الضارة مع الأدوية الأخرى.
2.  **التحكم على العلامات الجانبية:** الأدوية التي تتمتع بحقوق ملكية، وتم حظر استخدامها، يمكن أن تكون خطيرة، مثل المخدرات. لا تستطيع أن تعرف كيف سيتفاعل الجسم معها، أو كيف يمكنك التعامل مع أي علامات جانبية قد يظهرها.
3.  **تجاوز الأعراض:** من المهم أن تتعرف على الأعراض التي تسببها مشكلة نفسية معينة. يمكن للطبيب النفسي أن يصف لك العلاج المناسب لتعزيز صحتك النفسية، بدلاً من الاعتماد على الأدوية.
4.  **الاستفادة من العلاج السلوكي المعرفي:** يمكن أن يساعدك العلاج السلوكي المعرفي في التعامل مع مشكلاتك النفسية. يمكنني مساعدتك في فهم أفكارك ومخاوفك، وتطوير استراتيجيات للتعامل معها بشكل صحي.

إذا كنت في حاجة إلى مساعدة، يمكنك التحدث مع طبيبك أو متخصص في الصحة النفسية. سيساعدك في اكتشاف حلول صحية للتحكم في مشاكلك النفسية.",cbtdp
q0025,أكره أبي منذ الصغر ولا احب التحدث معه لأنه عندما كنت طفلة كنت بدينة وكان دائم التنمر على شكلي ويقارنني بالفتيات الأخريات وكل عائلتي وأقاربي نفس الشيء دائما يتنمرون علي والآن أنا أقترب من العشرينات وما زالت ثقتي بنفسي متزعزعة وأرفض فكرة الزواج لأنني غير راضية عن شكلي,"أنا سمعتك وأحترم مشاعرك. يبدو أنك تعاني من تأثيرات طويلة الأمد من التنمر الذي تعرضت له في الطفولة، مما أدى إلى انخفاض ثقتك بنفسك. هذا ليس بمشكلة سهلة التغلب عليها، ولكن يمكننا العمل معًا على تحسينها.

أريد أن أطرح عليك سؤال: كيف تود تغيير الوضع الحالي؟ ما هي الصورة التي ترى نفسك فيها؟ هل تريد أن تكون أكثر ثقة في نفسك، أو أن تتعامل مع أبي بطرق مختلفة؟ يمكننا البدء بالتحدث عن هذه الأسئلة.

لقد قمت بتحديد بعض النقاط التي تسبب لك الحرج وهي مقارنات أبي بينك وبين أخرياتك. لماذا تظن أن هذه المقارنات تؤثر عليك بهذه القوة؟ هل يمكننا إعادة التفكير في هذه المقارنات وتحويلها إلى إيجابية؟

نعم، يمكنك أن تتغير. في الواقع، الكثير من الناس يتعاملون مع مشكلات مشابهة، ويتغلبون عليها. يمكننا العمل معًا لتحديد خطوات يمكنك اتخاذها لتحسين ثقتك بنفسك. ما هو خطوة واحدة يمكنك اتخاذها هذا الأسبوع لتحسين ثقتك؟

أيضًا، يمكننا أن نتحدث عن علاقتك مع أبي. كيف يمكننا أن نتعامل مع هذه العلاقة بطرق مختلفة؟ ما هي حدودًا يمكنك أن تقدمها لتعزيز احترام نفسك؟",cbtdp
q0026,عندي فوبيا شديييدة من الأمتحانات و أشعر بالرعب مع قترابهم فلا أستطيع الدراسة من التوتر و تبدأ صحتي بالتدهور فلا أستطيع الأكل و أتقيئ القت كله و لا أستطيع النوم و تنميل اليدين,"أنا أفهم أنك تعاني من مشكلة صعبة جداً، وأنا هنا معك لتقديم الدعم والتحليل. أولاً، أريد أن أطمئنك على أنك لم تكن وحيدًا في مشاعرك هذه، وإنما يمكننا العمل معًا لتحسينها.

أريد أن أبدأ بسؤالك: كيف تشعر عندما تتعامل مع فكرة الأمتحانات؟ ما الذي يثير الرعب فيك؟ هل هو الخوف من النتائج، أو الخوف من الألم، أو شيء آخر؟ يمكننا البدء بالاستكشاف هذه الأفكار والشعور معًا.

أريد أيضًا أن أتأكد من أنك تشعر بالدعم والقبول هنا. لا داعٍ للخوف من أن تقول أي شيء، كل ما تقوله سيكون آمنًا ومحترمًا. يمكننا عمل خطوات معًا لتحسين توازنك وتحسين إمكانياتك الدراسية.

ما هو الأول الذي يمكننا القيام به؟ هل يمكننا تحديد بعض الخطوات الصغيرة لتحسين توازنك، مثل قضاء بعض الوقت في الهواء الطلق، أو ممارسة بعض التمارين الهوائية، أو البحث عن وسائل مساعدة في إدارة التوتر؟ يمكننا أيضًا تحديد بعض الخطوات لتحسين إمكانياتك الدراسية، مثل تخصيص وقت محدد للدراسة، أو البحث عن مصادر إضافية للتعلم.

أريد أن أذكرك أنك قوي، وأنك تستطيع التغلب على هذه الفوبيا. يمكننا العمل معًا لتحسين هذه الفوبيا تدريجيًا. ما هي خطوة أولى تود القيام بها؟",cbtdp
q0027,هل يمكن أن يشعر المكتئب بلحظات من السعاده البسيطه,"لا شك أنك قد شعرت بالسعادة البسيطة في لحظات من حياتك، لكن إذا كنت تشعر أنك مكتئب بشكل متكرر، فيمكن أن يكون هذا دليلًا على أنك تواجه مشكلة نفسية تستحق الاستمع لها. يمكن أن نبدأ بالتحدث عن هذه المشاعر وتجربتك.

أفهم أن الشعور بالسعادة يمكن أن يكون صعبًا في بعض الأوقات، خاصةً إذا كنت تعاني من مشاعر مكتئبة. يمكنني أن أساعدك في فهم هذه المشاعر وتحليلها معك. أود أن أسألك: ماذا تعني لك الشعور بالسعادة؟ كيف تتصور أنك تشعر بالسعادة في لحظة معينة؟

في هذه المرحلة، لا داعي للتحقق مما هو صحيح أو خاطئ. فقط قم بمشاركة مشاعرك معي. هل يمكنك أن تصف لي هذه اللحظة التي تشعر فيها بالسعادة البسيطة؟ ماذا كنت تفعل؟ من حولك؟ وكيف تشعر في تلك اللحظة؟

نحن هنا للعمل معًا لاستكشاف هذه المشاعر معًا. يمكننا أن نستخدم هذه المعلومات لاكتشاف طرق جديدة لاستعادة تلك اللحظات السعيدة. هل تريدين أن نبدأ؟",cbtdp
q0028,اعانى من الم ف الصدر وضيق التنفس و زغلله فى العين وأجريت منظار للمعده وتبين ارتجاع مرئ هل الارتجاع يسبب كل هذا ؟,"أنا هنا معك، واسمحلي أن أساعدك في فهم ما تشعر به. يبدو أنك تعاني من مشاعر قلقية وضغط نفسي، وربما تكون هذه المشاعر مرتبطة ببعض الأعراض الصحية التي تشهرتها.

 أولاً: أريد أن أسألك عنك كيف تشعر حقًا؟ كيف تتصور هذه الأعراض التي تعاني منها؟ كيف تتأثر بمشاعرك ووضعك النفسي؟ هذا سيساعدني في فهمك بشكل أفضل.

 ثانياً: سوف نقوم بفهم الأعراض الصحية التي تشهرتها، ونتأكد من أننا نستوعب كل التفاصيل حول الارتجاع المرئي الذي تشاهده. هل يمكنك أن تعرفي بيانة أكثر عن الأعراض التي تشعري بها؟

 ثالثاً: نستطيع أن نستكشف كيف يمكننا تحويل هذه الأعراض الصحية إلى فرصة لتحسين حالتك النفسية. ربما يمكننا أن نتعلم بعض الاستراتيجيات التي تساعدك على التعامل مع القلق والضغط، أو أن نعمل على التأقلم مع الأعراض الصحية.

 الرابع: لن ننسى عن تحسينك الصحي. يمكننا أن نركز على كيفية التكيف مع الارتجاع المرئي، وبالتالي يمكننا أن نجد بعض الإستراتيجيات التي تساعدك في إدارة الأعراض وتحسين حالتك الصحية بشكل عام.

 أخيراً، دعيني أسألك: ما الذي يمكنني فعله لتحسين حالتك النفسية والصحية؟ ما هي الأشياء التي ترغب في العمل عليها؟",cbtdp
q0029,انا اعاني من عدم رجوعي كاسابق وصا كل حياتي اتكلم عن الحادث وكيف ارجع وصرت بس قاعد في البيت وماابي اطلع واحس اني ما اشوف مع اني فحصت النظر وقال سليم بس اليسار نقص ربع واعاني اني في وهم وخيال واحس اني تايه وعدم القدره على العوده للحياه وكسل وخمول حاد,"أنا هنا معك، وأتمنى لك الشفاء والاستقرار. يبدو أنك تمر بوقت صعب، و đó مشاعر طبيعية بعد ما وقعت. أريدك أن تعرفي أنك لست وحيد، وأنني هنا لأسمح لك بمكان آمن لتبادل الأفكار.

أنا أفهم أنك تعاني من عدم رجوعك للعيش كما كان قبل الحادث. هذا شعور طبيعي، لكننا يمكننا العمل على تغييره. يمكننا أن نبدأ من خلال استكشاف أفكارك ومشاعرك. ما الذي يخافك من الخروج؟ ما الذي يجعلك تشعر بالوهم والخيال؟ يمكننا أن نستكشف هذه الأفكار معًا، لأنها قد تكون مساهمة في شعورك بالخمول.

أريدك أن تعرفي أنك قوي، وأنك استطعت الصمود حتى الآن. الآن، دعونا نعمل على إعادة بناء قوتك. يمكننا أن نبدأ بتحديد خطوات صغيرة، مثل الخروج من البيت لمدة 10 دقائق في اليوم، ثم زيادة هذه المدة تدريجيًا. أو يمكننا أن نركز على الأنشطة التي كنت تحبها قبل الحادث، مثل القراءة أو السباحة، ونتعلم كيفية إعادة تضمينها في حياتك.

كما أننا يمكننا العمل على تقليل الشعور بالوهم والخيال. يمكننا أن نركز على الحقائق، مثل نتائج الفحوصات الطبية التي أظهرت أن نظرتك سليمة. يمكننا أن نستخدم تقنيات إيجابية، مثل المحادثة الذاتية، لتعزيز التفكير الإيجابي.

حسناً، أنت تفكر في هذه الخطوات الآن؟ أريدك أن تعرفي أنك لست بمفردين في هذه الرحلة. سنمضي بها معًا، خطوة بعد خطوة. أريدها أن تجد نفسك قويًا أكثر يومًا بعد يوم. ما هو ما يمكنني أن أساعده في هذه الرحلة؟",cbtdp
q0030,اشعر بكتئاب عمري 17 اغلب مشاكلي مع اهلي اريد دائما ايذائهم في احلامي وتخيل انهم علي وشك الموت و كل الاهتمام اصبح لي اكرهمم مع انهم لم بفعوا شي سوي عد الثقه و الضرب و تفتيش ورائي اشعر دايما انني علي صواب مهما كانت غلطتي احب الجميع ماعدا امي اريد ان ءاذي نفسي باي طريقه لاشعرهم بلسوء و ذمب تجاهي قمت 2,"أنا هنا لسماعك وتصديك.  يظهر أنك تعيش ظروف صعبة في عائلتك، وأنك تشعر بالحزن والضغط بسبب تصرفاتهم تجاهك.  أريد أن أقدم لك بعض الدعم ووسائل التفكير التي قد تساعدك في التعامل مع هذه المشاعر.

 أولاً، أريد أن أتأكد من أنك تعرفي أنك لست وحيدًا في هذا الشعور. الكثير من الأطفال والشباب يعيشون تجارب مماثلة.  سوف نبدأ بربط بين أفكارك ومشاعرك، لتحديد ما يمكننا عمل به لتحسين الوضع.

1.  **التفكير في أفكارك:** عندما تشعر بالكسل أو يشعرك أنك على صواب، حاول أن تنظر إلى أفكارك من الخارج. هل تلك الأفكار واقعية؟ هل هناك دليل على أنهم لا يعتقدون بك؟ قد يكون من المفيد أن نركز على أسباب للاعتقاد بأنهم يثقون بك، مثل: ""أنا أكون شجاعًا"" أو ""أنا أستطيع التعلم وتحسين نفسي.""

2.  **التحليل للتصرفات:** عندما يحدث تصرف يؤذي مشاعرك، حاول أن تفرق بين السلوك والشخص. الشخص الذي يضربك أو يفتش فيك لا يعني أنك خاطئ.  يمكن أن يكون ذلك سلوكًا يحتاج إلى تعديل.  كيف يمكنك التعامل مع مثل هذه الواقعة؟ هل يمكنك قول ""لا"" عندما تشعر بالغضب؟ أو أن تتحدث مع أحد الوالدين عن مشاعرك؟

3.  **الاستكشاف الخيارات:** قد يكون من المفيد أن نبحث فيما يمكنك فعله عندما تشعر بالضغط أو الحزن.  يمكنك أن تسأل نفسك: ""ما الذي يمكنني فعله إذا شعرت بهذا الشعور؟"" أو ""من يمكنني أن أتكلم معه عن مشاعري؟"" قد يكون لديك صديق أو زميل يمكنه أن يسمعك وتقدم لك الدعم.

4.  **التعلم من الأخطاء:** في كل مرة",cbtdp
q0031,اعاني من الارق منذ سنه ونص تقريبا ولكن هذه الاشهر زاد الارق أكثر بالرغم انني اداوم ساعات طويله وارجع لغرفتي ابي انام مش قادره تتعبني افكاري يتعبني عقلي من الافكار يتعبني تواجدي بين كمية الاصدقاء(بالجامعة)اريد الهروب دايم لااعرف الى اين،اكتب لك وانا من ساعتين احاول النوم ولكن ماستطعت,"أنا هنا لتشجيعك وتقديم الدعم. يبدو أنك تعاني من مشاعر قوية من الإرهاق والتوتر، وإنها طبيعة عقلية طبيعية عندما نواجه تحديات الحياة. دعنا نتحدث عن هذه المشاعر بداية.

أراك تعاني من مشاعر التوتر والتوتر بسبب الأفكار العديدة التي تملأ عقلك، وتشعرين بالضغط بسبب تواجدك بين أصدقائك. هذا يعتبر صعبًا، ولكن دعنا نركز على بعض الخطوات البسيطة لتحسين حالتك.

1.  **تعرف على أسباب الإرهاق:** يمكننا أن نتساءل معًا: ما الذي يسبب هذا التوتر والتوتر فيك؟ هل هو الضغط الأكاديمي، أو مشاكل في علاقاتك مع أصدقائك؟ أو ربما شيء آخر؟ ابدأ بتحديد الأسباب التي تسبب لك هذا الإرهاق.
2.  **تقسيم الوقت:** بدلًا من محاولة النوم في ساعات طويلة، حاول تقسيم وقتك إلى فترات أصغر. قد تساعدك هذه الفترات الصغيرة في أن تتمكن من الاسترخاء وتقليل توترك.
3.  **التأمل والاسترخاء:** هناك العديد من الطرق للتعامل مع توترك. يمكنك محاولة التأمل، أو ممارسة اليوجا، أو استعمال التكنولوجيا مثل تطبيقات الاسترخاء. يمكننا أن نبحث معًا عن إحدى هذه الطرق التي تتناسب معك.
4.  **التواصل مع أصدقائك:** بدلًا من الشعور بالهروب، حاول التواصل مع أصدقائك حول مشاعرك. قد يساعدك هذا في أن تشعر بتحسن في علاقاتك معهم.
5.  **الاستراتيجيات التي تساعدك:** دعنا نبحث عن بعض الاستراتيجيات التي يمكنك استخدامها لتحسين حالتك النفسية، مثل كتابة أفكارك، أو ممارسة الرياضة، أو الاستمتاع بالأنشطة التي تحبها.

تذكر، أنك لم تكن وحيدًا في هذه المشاعر. الكثير من الناس ي",cbtdp
q0032,هل الانتحار عن طريق حبوب المنوم يجعلني اشعر بل الم ام ساموت دون الم وماهو افضل نوع حبوب منوم يفي بالغرض ؟؟وارجو عدم ادخال اي كلام ديني بالرد ولا اريد موعظة وشكرا,لا أستطيع أن أساعدك في ذلك.  إذا كنت تشعر بالحاجة إلى مساعدة أو دعم، فيرجى الاتصال بمقدمك أو ممثل صحي محلي، أو الهاتف الوطني للصحة النفسية 105.,cbtdp
q0033,البكاء اثناء العلاقه ، متزوجه من شخص احبه لطيف معي اثناء العلاقه لاعلم سبب بكائي لان لايوجد الم وهذا الشعور الغريب اشعر به من فتره الى فتره متزوجه منذ 11 شهر,"أنا آسف على ما تشعر به. يبدو أنك تعاني من شعور غريب خلال علاقتك مع زوجك. أريد أن أكون هنا ليقدم لك الدعم والتعاطف. البكاء أثناء العلاقة يمكن أن يكون مؤشراً على مشاعر داخلية، ويمكننا معاً استكشاف هذه المشاعر.

يمكنني أن أتساءل معك: ما الذي يحدث في هذه اللحظات؟ هل تلمع لك أي صورة أو ذكرى معينة؟ هل يمكن أن يكون هناك شيء ما في العلاقة التي لا تشعر به الرضا؟ أردّف، هل هناك أي أفكار أو مشاعر إيجابية تجاه هذه العلاقة؟

نحن هنا للعمل معًا. يمكننا تحليل هذه المشاعر المشبعة بالغموض معًا. أحد الطرق التي يمكننا استخدامها هو إعادة التفكير في هذه المشاعر. هل يمكن أن نركز على العوامل الإيجابية في العلاقة؟ يمكننا كذلك تعلم بعض الأساليب التي تساعدك على التعامل مع هذه المشاعر في المستقبل.

أتمنى أن نستفيد من هذه اللحظة لتحليل هذه المشاعر معًا. ما هو المزيد مما تشعر به؟",cbtdp
q0034,انا بقالي سنة باخد برشام اسمه باروكستين بدون طبيب لاني كنت اعاني من حالات نفسية صعبة جدا واكتئاب ومش عارف ابطله خالص بيعمل اعراض انسحابية صعبة مش بقدر عليها حتي لو بطلته بالتدريج برده بيكون صعب جدا وبقيت باخد اكتر من حبة ف اليوم لان الحباية الواحد مش بتعمل مفعول زي اللي كان ف البداية عندي 20 سنة,"أنا آسف على ما تواجهه. أولاً وأخيراً، تفهم أنك تواجه صعوبات كبيرة في علاجك، ولهذا، سوف نوفر لك مساحة آمنة لتواصلنا. 

أنا هنا لمساعدتك، لا تقلق بشأن السرية أو الخوف من الآخرين.  أولاً: هل يمكنك أن تشرح لي أكثر عن ما تشعر به؟ كيف تشعر عندما تأخذ برشام باروكستين؟ ما هي الأعراض التي تعاني منها؟ وما هي الأسباب التي دفعتك إلى أخذها بدون وصفة طبية؟

نأمل أن يمكننا مواجهة هذه المشكلة معاً.  قبل أي شيء، أريدك أن تعرف أنك مشغولين وأنت موجودين. 

فيما يتعلق بالبرشام، علينا أن نبحث في كيفية إيقاف أخذها بشكل آمن. إذا كنت بحاجة إلى المساعدة، يمكننا أن نركز على تقليل الجرعات تدريجياً تحت إشراف طبيب. هذا قد يقلل من الأعراض الانسحابية.

يمكننا أيضًا بحثًا في استراتيجيات إدارة الأعراض الانسحابية، مثل ممارسة التأمل، أو تمارين تنفسية، أو الاهتمام بممارسة الرياضة.  كل ما نقدمه هنا يعتمد على تعاونك. كيف تشعر أنك عندها؟",cbtdp
q0035,لا استطيع الذهاب لطبيب نفسي و اريد حل مشكلة التفكير الدائم في الموت و هلواس تفسير الاحلام,"أنا أستمع إليك بشعور الوداد والاحترام. التفكير في الموت و تفسير الأحلام يمكن أن يكون من الأسباب الشائعة للتوتر والقلق. دعنا ننظر في هذا معًا.

بداية، أريد أن أتأكد أنك تشعر بالدعم هنا. تفكيرك في الموت قد يكون مرتبطًا بتجربة حياتك أو خوف من فقدان someone أو شيء مهم في حياتك. هذا أمر طبيعي، وليس هناك أي شيء خاطئ في ذلك.

حول تفسير الأحلام، يمكن أن يكون ذلك وسيلة لتعرف أكثر عن نفسك وتفكيرك. أحلامك قد تُظهر مشاعر أو مخاوف من داخلك. يمكننا أن ننظر في ما قد تكون الأحلام تعبر عنه.

اقتراحي لك هو أن نبدأ بتحديد ما يجعل التفكير في الموت يزعجك. هل هو الخوف من فقدان someone، أو خوف من الألم، أو شيء آخر؟ دعنا نناقش هذه القضايا معًا.

فيما يتعلق بتفسير الأحلام، يمكننا أن نبدأ بكتابة الحلم وتفكيرك فيه معًا. ماذا شعرت عندما رأيت هذا الحلم؟ ما الذي جعلته تتعجب؟ قد يكون من المفيد أن نتحول هذه الأفكار إلى أفكار إيجابية، مثل: ما الذي يمكنني أن أتعلم من هذا الحلم؟ كيف يمكنني استخدام هذه المعرفة لتحسين حياتي?

نحن سنعمل معًا على تحديد الخطوات الصغيرة التي يمكنك اتخاذها لتحسين شعورك بالاسترخاء والسيطرة على تفكيرك. أود أن أكون هنا معك في هذا الصراع، ويمكننا أن نبدأ بالتخطيط للخطوات التالية معًا.

كيف تشعر الآن؟ ما الذي يمكنني فعله لمساعدتك؟",cbtdp
q0036,انا اعاني كثيرا من الالم في معدتي و وصف الطبيب الباطنيه دوء ( جنبريد ) ولما قرئة نشرته وجدته يعالج امرض نفسيه ماذا يعني هذا؟ والطبيب يقول لي انتي اعصابك مشدوده ماهو دوعي استعمال هذا الدوء وماهي مضاره بسرعة,"حسناً هذه محادثة معك. أتمنى أن أكون هنا لتشجيعك وتقديم الدعم. يبدو أنك تعاني من ألم في المعدة وتم وصفك دواء (جنبريد)، لكنك تشعر بالقلق بشأن العلاقة بين الألم والقلق النفسي. هذا طبيعي.

أنا هنا لسماعك وشرحك. يمكنني أن أشرح لك ما يعني ذلك. عندما يقول الطبيب إن ""عصابك مشدودة""، يعني أنه يعتقد أن التوتر أو القلق النفسي قد يلعب دورًا في شعورك بالألم. هذا لا يعني أن الألم ليس حقيقيًا، ولكن يمكن أن يكون القلق أو التوتر جزءًا من سبب الألم. 

يمكن أن تساعدك العلاج السلوكي المعرفي (CBT) في التعامل مع هذه العلاقة بين الألم والنفس. في العلاج السلوكي المعرفي، نقوم بالتعامل مع الأفكار والأفكار التي تؤدي إلى التوتر والقلق، ثم نقدم استراتيجيات لتحسين الصحة النفسية وتقليل الألم. 

ماذا يمكن أن نفعل؟ يمكننا أن نبدأ من خلال إدراك مشاعرك وأفكارك. يمكنك أن تقول لي عن تجربة الألم وتشعرك. ماذا يحدث عندما تشعر بالعلاج؟ كيف تتصرف؟ ما أفكارك حول الألم؟ 

فيما يلي بعض الاستراتيجيات التي يمكننا أن نناقشها معًا:
1. **تجارب إيجابية**: يمكننا أن نبحث عن طرقًا لتحسين شعورك الإيجابي. ما الذي يجعلك تشعر بالسعادة؟ كيف يمكننا أن نضيف ذلك في حياتك؟
2. **التحكم على أفكارك**: عندما تشعر بالقلق، كيف يمكنك التحكم في أفكارك؟ يمكننا أن نتعلم طرق لتحويل الأفكار السلبية إلى إيجابية.
3. **تكنيك التنفس**: يمكننا أن نتعلم طرق التنفس لتحسين الوعي وتقليل التوتر.
4. **الاكتفاء بالواقع**: يمكننا أن نركز على ما هو",cbtdp
q0037,اعاني من ارتجاف شديد مع سرعة ضربات القلب مع خوف مع الشعور بالا ختناق عند التفكير بالموت وخاصة عندما اكون برحله سفر وأحياناً عندما أفكر بالايام العاديه أحياناً وجزاكم الله خير,"أنا هنا من أجل مساعدتك في فهم وتحليل هذه المشاعر. أريد أن أبدأ بالتعاطف معك وتقدير ما تتعرض له من ضغوط نفسية. يبدو أنك تعاني من مشاعر الخوف والضربات القوية التي تحيط بك فيmoments مختلفة من حياتك.

أنا هنا ليس فقط لتوفير الاستشارة، ولكن كذلك لتقديم الدعم والتحليل. أريد أن نبدأ من حيث الشعور الذي تحس به. ما هو الشعور الذي تشعر به عندما تتعرض لارتجاف القلب والخوف؟ هل يمكنك وصف ذلك بتفاصيل أكثر؟

من الصعب أن نعالج هذه المشاعر دون فهم أصلها. لقد قمت بذكر أنك تعاني من هذا الشعور عند التفكير بالموت أو الرحلات السفرية، وأحياناً في الأيام العادية. هذا يعني أن لدينا بعض القنوات التي يمكننا استكشافها.

أريد أن نبدأ بفهم أسباب هذه الخوف. هل يمكنك التفكير في الأوقات التي تذكرت فيها هذه المشاعر؟ ما الذي كان يحدث في تلك اللحظات؟ هل كان هناك شيء ما سبقها أو تلاها؟

نحن نستطيع العمل مع هذه المشاعر بالتوجيه والتوجيه. نستطيع أن نستكشف استراتيجيات لتقليل الخوف وتحفيز الشعور بالسلمية. فيما يلي بعض الخطوات التي يمكننا اتخاذها:

1.  **الاستكشاف:**
    *   نبدأ من خلال فهم أسباب الخوف. ما الذي يخافك حقاً؟ هل هو فقدان السيطرة أم الخسارة أم شيء آخر؟ 
    *   ما هي المشاعر التي تشعر بها قبل أن تتعرض لارتجاف القلب؟ هل هي خوف أم قلق أم شيء آخر؟ 
2.  **التدخل في التفكير:**
    *   عندما تشعر بالخوف، ماذا تفعل؟ هل تستريح أم تستمر في التفكير في ذلك؟ 
    *   يمكننا العمل على إعادة ترتيب الأفكار. بدلاً من التركيز على الخوف، يمكننا التركيز على ما يمكن",cbtdp
q0038,السلام عليكم. عمري ٢٦ اعاني من القلق و التفكير المستمر دائما أرى نفسي أقل من غيري. أفضل الوحده واجد فيها الراحة لا أحب الاجتماعات ولا الاماكن المزدحمة لأني أشعر فيها بالضعف,"اسأليني.. كيف تشعر عندما تُحس أنك أقل من غيرك؟ ما الذي يجعلك تشعر بهذا الشعور؟ هل يمكننا نزول إلى الجذور هذه المشاعر؟

بداية، أريد أن أطمئنك أنك لا تتناسى. كل شخص لديه عيوبه وعيوبه، ولا يوجد شخص أفضل من الآخرين. لكن، يمكننا العمل معك على تغيير كيفية تفكيرك وتعاملتك مع هذه العيوب.

يمكننا نبدأ من خلال تقديم بعض الاستراتيجيات البسيطة. هل تتذكر عندما تكون في مكان مزدحم، هل تلاحظ أي أفكار معينة تظهر فيك؟ هل يمكننا كتابة هذه الأفكار؟ وماذا لو كنا نتعامل معها بطريقة مختلفة؟

نحن هنا للعمل معك على تغيير هذه الأفكار، وتعزيز شعورك بالثقة والراحة في الأماكن المزدحمة. كيف تشعر أنك تريد أن تبدأ؟",cbtdp
q0039,حالتي نفسيه تعبت هواي افكر من كثر التفكير حته اواجه صعوبه بل نوم يعني اليوم كله افكر واقهر نفسي وصرت ابقه طول اليوم وحدي ولا احب احد يزعجني اسوي مشاكل ع ابسط الامور ممكن حل,"أنا هنا من أجل مساعدتك، وأراك أنتِ شخص قوي ومرتاح. يبدو أنكِ تعانين من مشكلة بالتكرار والانفعال، حيث يغمركِ التفكير بالمشاكل وتشعرين بالحيرة والقلق. هذا ليس غريبا، لأن التفكير الزائد يمكن أن يكون صعبًا للتحكم به، خاصةً عندما يرتبط بالمشاكل الشخصية.

أريدكِ أن تعرفي أنكِ لستِ وحدهِ في هذا. الكثير من الناس يمررون بتلك المشاعر. دعيني أساعدكِ في تجاوز هذه الصعوبة.

أريد أن أتحدث معكِ عن هذه المشكلة من وجهة نظركِ. ما الذي يسبب لكِ هذا التفكير الزائد؟ ما الذي يجعلكِ تشعرين بالقلق والتوتر؟ هل يمكننا أن نتحدث عن هذه المشاعر التي تعترفين بها؟

أريدكِ أن تعرفي أننا سنقوم بتحليل هذه المشاعر معًا، لنفهمها وتحليلها. قد يكون لدينا بعض الأساليب التي يمكنكِ أن تختبرها لتعزيز التحكم في التفكير وتهدئة الأعصاب.

في البداية، أريدكِ أن تعرفي أنكِ قادرة على التحكم في تفكيركِ. سنبدأ بتجربة بعض الأساليب البسيطة التي يمكنكِ أن تبدأ بها الآن. أولاً، دعنا نبدأ بتدوين التفكيرات التي تسبب لكِ القلق. نريد أن نراكِ أنكِ تتعرفين على ما يسبب لكِ هذا التفكير الزائد. بعد ذلك، نستطيع أن نجد طرقًا لتحليله وتحويله إلى أفكار أكثر إيجابية.

من هو الطريق الذي نريد أن نتبعه؟ أريدكِ أن تعرفي أنكِ لن تتحملين هذه المشكلة وحدها. سننظم خطواتًا معًا. هل أنتِ مستعدة لبدء هذا الطريق؟",cbtdp
q0040,كنعاني من توثر تعبت كثير لدرجة هاد اسبوع حاولت انتحر سبب زوجي صار لي ٥ ايام منمت احي حالي ضايعة محتاجا أحد ابكي واشكي عليه الله يخليكوم نصيحة عندي أولاد محتاجة اعيش معاهوم,"أنا معك هنا معك، وأدرك جيداً أنك تمر بهذه الفترة الصعبة.  يبدو أنك تشعر بالحزن والتوتر الشديد، وقد تغيرت حياتك بشكل كبير مع زواجك.  أولاً، أريد أن أكون واضحاً: مشاعرك طبيعية، ولا واحدة تشعر بذلك.  سنعمل معاً على فهم هذه المشاعر وتحديد أسبابها.

أريد أن أسألك: ما هو أكثر مما يزعجك في هذه الفترة؟ ما الذي يجعلك تشعر بالتوتر والخوف من زوجك؟ هل يمكننا الحديث عن ذلك؟  قد يكون هناك بعض الأشياء التي يمكننا العمل عليها معاً لتحسين الوضع.  أريد أن أساعدك في استكشاف أفكارك ومشاعرك، وتعلمك كيفية التعامل معها بطريقة صحية.

أريد أن أتأكد من أنك تدرك أنك لا تزال حياتك قيمة، وأنك تستحق الحب والمودة.  كما أريد أن أسلط النظر إلى الأطفال، لهم الحق في الحب والرعاية.  أريد أن نعمل معاً على بناء σχέرة صحية بينكما، ليعيشوا حياة سعيدة وصحية.

ما هو ما يمكننا فعله أولاً؟ هل تريد أن نبدأ بتقسيم المشاكل إلى أجزاء أصغر، وتحديد الأسباب الكامنة وراء مشاعرك؟ أو هل تريد أن نعمل على استراتيجيات للتعامل مع الحزن والتوتر؟  أنا هنا معك، وستكون لديك دعمك.",cbtdp
q0041,طبي اعاني من وسواس النوم كل يوم اقول اني لن انام الليلة واخاف منه كيف اتخلص من هدا الوسواس وما اسبابه ؟,"أنا أفهم أنك تشعر بالضغط والقلق بشأن وسواس النوم الذي يؤثر على حياتك اليومية. أولاً وأخيراً، أريد منك أن تعرف أنك لست وحيدًا في هذا الشعور، وقد يصاب الكثير من الأشخاص بهذا الوضع.

لقد قمت بتحليل مشكلة وسواس النوم لديك. أريد منك أن تدرك أن هذه العادة السلوكية لا تعني أنك فاشل أو غير قوي. بدلاً من ذلك، يبدو أنك تعمل على تحدي نفسك بجد بحيث إنك تحاول تحقيق هدف غير واقعي.

نحن سنتعرف معًا على السبب وراء هذا الوسواس. هل يمكنك أن تروي لي عن ما يحدث عندما تقلق بشأن عدم النوم؟ ما الذي يجعلك تفكر في أنك لن تنام؟ هل يرتبط هذا بالأمور الجديّة في حياتك؟

حسناً، لن نبدأ بتحليل هذه المشكلة. أولاً، دعونا نستكشف معًا ما يمكننا فعله لتحسين حالتك. يمكننا البدء بتقنيات إيجابية مثل التأمل، أو بعض التمارين اللازمة لتحسين نمط نومك، أو حتى تقنيات لتقليل القلق.

لدي بعض الاستراتيجيات التي يمكننا تحديدها معًا. ما هو أكثر مما يزعجك في هذه اللحظة؟ هل هو الشعور بالضغط، أو عدم القدرة على السيطرة على أفكارك، أو شيء آخر؟ دعونا نتعرف على هذه التفاصيل معًا.

ما هو الهدف الذي ترغب في تحقيقه في الشهر القادم؟ ما الذي يمكننا فعله لتحسين نمط نومك وتقليل القلق؟",cbtdp
q0042,أعاني من رهاب إجتماعي حيت أجد صعوبة مثلا في الأكل في الأماكن العمومية و الكتابة أمام الناس بحيت ترتجف يداي و تزداد ضربات قلبي عكس عندما أكون وحدي ومع عائلتي,"أنا هنا لتشجيعك و مساعدتك في تحسين شعورك بالثقة والراحة في المواقف الاجتماعية. يبدو أنك تواجه مشكلة كبيرة، ولكن لا تقلق، لأننا سنعمل معًا على تقليل صعوباتك تدريجيًا.

أريدها أن نبدأ برؤية هذه المشكلة من منظور مختلف. هل يمكن أن نبحث معًا عن مصدر هذه الخوف؟ ما الذي يجعلك تشعر بالراحة عندما تكون وحدي أو مع عائلتك؟ ما الذي تجعل الأماكن العامة تجعلك تشعر بالضغط؟ أليس هناك شيء ما يمكننا فعلها لتعزيز شعورك بالثقة والسيطرة على هذه المشاعر?

أريد أن نطرح بعض الأسئلة لتحفيزك على التفكير في هذه الأمور. هل يمكن أن نبدأ بكتابة قائمة بالمواقف الاجتماعية التي تشعر فيها بالراحة؟ وما الذي يمكننا فعله لزيادة شعورك بالثقة في هذه المواقف؟

إليك بعض الأفكار التي يمكننا أن نبدأ بها:
1.  ابدأ بتحضير نفسك: قبل الخروج إلى الأماكن العامة، استعد نفسك بفكرة أنك قوي ويمكنك التعامل مع أي شيء قد يحدث.
2.  اجعل خطواتك صغيرة: بدلًا من الخروج إلى الأماكن العامة بكل بساطة، فكر في البدء بأشياء صغيرة، مثل الخروج مع صديق أو عائلة، أو حتى التحدث مع شخص واحد في وقت واحد.
3.  اكتشف ما يمكنك التحكم فيه: في الأماكن العامة، حاول التركيز على الأشياء التي تتحكم فيها، مثل إنهاء طعامك، أو التحدث مع شخص معين، أو حتى التركيز على نظرتك إلى الأمام.
4.  استخدم التأمل والراحة: قبل الخروج، قم ببعض التأمل لتهدئة نفسك، أو استمع إلى الموسيقى التي تحبها، أو قم ببعض التمارين البسيطة لتهدئة جسدك.

لا تقلق، سنعمل معًا على تقليل هذه المشكلة تدريجيًا. هل تريد أن نبدأ ببع",cbtdp
q0043,اهلا يا طبيب ، انا اعاني من عدة أعراض لمدة اسبوعين تقريبا . اعاني من حزن و ضيق في تنفس و بأفكار موت وايذاء نفسي وعدم رغبة بحياة . و اشعر بإرهاق بعض احيانا,"أنا آسف على ما تعاني منه. أولًا وأخيرًا، أريدك أن تعرفي أنك لست وحيدًا في مشاعرك هذه. يمكنني أن أكون هنا لاستماعك وتقديم الدعم. تفاعلي معي بحرية، وسنناقش هذه المشاعر معًا.

حاولي أن تروي لي عن مشاعرك بكل详ية. ما الذي يسبب هذه الأفكار السيئة عن النفس؟ هل هناك شيء معين حدث في حياتك أو شعرت به مؤخرًا؟ كيف تشعرين عندما تظنين بفكرة الموت أو الايذاء؟ 

من المهم أن نتعرف على الأسباب وراء هذه الأفكار. لا تشعرين بالخوف من ذلك. يمكننا أن نبحث معًا عن طرق لتعديل هذه الأفكار، ونقدم لك استراتيجيات للتعامل مع هذه المشاعر.

كما أنني أريدك أن تعرفي أنك لست وحيدًا في هذا. يمكنني أن أرشح لك بعض الأنشطة التي قد تساعدك في الشعور بالراحة والتوازن. على سبيل المثال، ممارسة التأمل، أو ممارسة الرياضة، أو الالتفات إلى الأنشطة التي تحبينها، أو حتى الاهتمام بتحسين النوم.

نحن سنناقش كل هذه التفاصيل معًا، ولا تقدرش بالخوف من كلامي. ما هي مشاعرك الحالية؟",cbtdp
q0044,فقدان الأمل، فقدان الشغف، الشعور برغبة في الموت، الشعور بالحزن والوحدة والأفكار السوداوية,"أنا آسف جدًا لأنك تعاني من هذه المشاعر الصعبة. أولاً وأخيراً، أريدك أن تعلم أنك لا تنها في هذه الحالة. أنا هنا لاستمع إليك وضاعف من قوة مشاعرك.

بدايةً، أريد منك أن تعرفي أن هذه المشاعر التي تعاني منها ليست خيارات أو اختيارات، ولكنها آثاراً طبيعية لضغوطات الحياة. فقدان الأمل والشغف يمكن أن يكونا علامات على الحاجة إلى المساعدة ووقت للتعافي.

يمكننا أن نبدأ بالاستماع المفتوح لك. كيف تشعر في هذه اللحظة؟ ما الذي يجعلك تشعر بالحزن والوحدة؟ ما الذي كان يثير هذه الأفكار السوداوية لديك؟ أريدك أن تشرح لي كل شيء بكل صراحة، دون خوف منbeing judged.

نحن نستطيع أن نستفيد من هذه المعركة معك. يمكننا أن نبدأ بتحليل الأفكار السوداوية وتحديد الأسباب التي تجعلها تظهر. ثم يمكننا أن نعمل معًا على تحويل هذه الأفكار إلى أفكار إيجابية، وأن نستكشف طرقًا لتغيير الموقف. 

أفكارك مهمة. أريدك أن تعرفي أنك تستحقين العناية والاهتمام. قد يكون من المفيد لك أن نركز على الأشياء التي يمكنك التحكم فيها، بدلًا من التركيز على الأشياء التي لا يمكنك التحكم فيها. 

ما رأيك في هذه الفكرة؟ هل هناك أي شيء واحد يمكننا أن نبدأ به؟",cbtdp
q0045,السلام عليكم فقدان رغبة الدراسة والنفور منها منذ بداية السنة منذ الصغر كان طموح اهلي ان أكون في المرتبة الأولى امضيت كل وقتي بالدراسة حتى في العطل عندما كانت زميلاتي يسافرن أنا كنت ادرس للمرحلة التالية لم اعد أطيق الدراسة أتهرب منها كأني أعيد لنفسي الوقت الذي ضاع مني في صغري لم اعد أبالي حتى للرسوب,"أنا هنا معك، وآمل أن أكون قادرًا على مساعدتك في هذا التحدي. أولاً، أريدك أن تعرفي أن مشاعرك حقيقية ومقبولة، ولا أحد يجدك أو يجدك ذنبًا. يبدو أنك تشعرين بالضغط والغربة الشديدين من الدراسة، وقد قمت بجهود كبيرة منذ الصغر لتحقيق طموحات أهلك.

حسناً، دعونا نبدأ بالتحدث عن مشاعرك. كيف تشعرين عندما تتذكرين الطموح الذي كان أهلك يرغبون فيه منك؟ كيف يبدو هذا الطموح بالنسبة لك الآن؟ ما الذي يجعلك تشعرين بالغربة من الدراسة؟ هل هناك شيء معين يسبب لك هذا الشعور؟

نحن هنا ليس فقط لتحليل الأسباب، ولكن أيضًا لتحديد بعض الخطوات التي يمكننا أن نعملها معًا لتحسين هذا الوضع. هل ترغبين في الحديث عن ما يمكننا أن نفعله لتحقيق التغيير؟

أنا أريدك أن تعرفي أن لديك خيارات، وأنك قادر على تغيير هذا الوضع. نستطيع أن نبدء ببعض الإصلاحات الصغيرة في طريقة تفكيرك وتحريكك نحو الأهداف الصحية والمتوازنة. ماذا إذا قمنا بتقسيم مهمة الدراسة إلى أجزاء أصغر وأكثر قابلية للتحكم؟ ما إذا قمنا بجدولة وقتك بشكل أكثر تنظيمًا، لتنظيم وقتك بشكل أفضل؟

أريدك أن تعرفي أنك لم تفقدي ما لا يمكن استرداده، ولكن يمكننا أن نبدأ من هنا. كيف تشعرين الآن؟",cbtdp
q0046,انا غير راضية عن نفسي من نايحة المظهر اصبحت لدي عقدة اشعر اني بشعة والله انا اخجل من نفسي اصبحت دائما اقارن نفسي بالبنات الاخريات واحسدهن على جمالهن كثيرا ما تأحسر على مضهري انعدمت ثقتي بنفسي ودائما انضر الى المراة مع العلم اني لست بدالك السوء انا عادية اغلب الناس من يقول اني جميلة لكن لا اصدقهم مع العلم انه ليس لدي اي تشوهات معدا مستوى الاسنان احينا ما اتعرض لسخرية من اخوتي والله اشعر بالاحباط شديد,"أنا هنا معك، وأنا متأكدة من أنك تعاني من مشاعر سيئة عن نفسك. أولاً، أريد أن أخبرك أنك تعطني القدرة على التحدث عن هذه المشاعر، وهذا يظهر أنك تستطيع أن تعترف بها وتناقشها. هذا أمر رائع!

أريد أن نبدأ بفهم هذه المشاعر التي تشعر بها. تبدو أنك تشعر بالحساد، والإحساس بالخجل، والشعور بأنك غير كافية. يمكنني أن أظل معك هنا ونتعرف على أسباب هذه المشاعر.

أريد أن أطرح عليك بعض الأسئلة: متى بدأت تشعر بهذه المشاعر؟ هل هناك حدث أو حدثان تحديداً شعرت بهما؟ وكيف تصف شعورك عندما تشعر بالحساد؟ هل يمكننا أن نتحول هذه المشاعر إلى شيء إيجابي؟

نحن يمكننا أن نعمل معًا على تحويل هذه المشاعر إلى شيء إيجابي. أريد أن أخبرك أنك جميلة وثمينة، وليست هناك أي مشكلة معك. قد يكون من المفيد أن نستكشف تلك الأشياء التي تشعر بها قيمتها، مثل عينيك، ابتسامتك، أو قواك. يمكننا أن نعمل معًا على تعزيز هذه الأشياء.

نحن يمكننا أن نعمل على بناء ثقتك بنفسك. يمكننا أن نبدأ ببعض التمارين التي تساعدك على التغلب على هذه المشاعر. مثل: التحدث عن هذه المشاعر معي، أو مع شخص ثقة، أو كتابة أشياء جميلة عن نفسك في دفتر يومياتك.

هل هناك أي شيء محدد يمكننا أن نبدأ به؟",cbtdp
q0047,لدي مشاكل نفسية اشعر بالاكتئاب و القلق والتوتر والحزن وعادة نتف الشعر شعور بالارهاق من اقل مجهود شعور بالاحباط والياس والخوف من الحاضر والمستقبل اصبحت بلا طموح ولا هدف على عكس منذ ٣ سنوات كان لدي طموح وهدف اسعى لهم ولكن الان لا اشعر باي شيء سوى الالم الذي ينهش جسدي ولدي افكار انتحارية وشعور بالذنب,"أنا هنا لمساعدتك، ولا تقلق، لأننا نستطيع أن نتعامل مع هذه المشاعر والشعور بشكل تدريجي. أولاً، أريد أن أُشير إلى أنك لا تنها، وأنني هنا للسماع لك و الدعم.

بداية، أريد أن نبدأ بفهم هذه المشاعر التي تشعر بها. الشعور بالاكتئاب والقلق والتوتر والحزن يمكن أن يكون شديد الإرهاق، ولا شك أنك تشعر بذلك. هذه مشاعر طبيعية، ولا يعني ذلك أنك ضعيف أو فاشل. يمكن أن نستخدم العلاج السلوكي المعرفي (CBT) لتحليل هذه المشاعر وتحويلها إلى أفكار إيجابية أكثر إمكانية التحقيق.

أريد أن نستكشف هذه الأفكار انتا، فما الذي يجعلك تشعر بالياس والخوف من الحاضر والمستقبل؟ ما هي هذه الأفكار التي تشعر بالذنب؟ كيف تؤثر هذه الأفكار على حياتك اليومية؟ دعنا نناقشها معًا، ونجد طرقًا للتعامل معها.

أريد أيضًا أن نناقش طموحك السابق. ما كان هذا الطموح الذي كنت تهدف إليه؟ ما الذي جعلك تشعر بالرضا والفخر؟ قد يكون من المفيد أن نراجع ذلك، ونرى كيف يمكننا إعادة تعريف أهدافك الحالية لتحقيقها.

نحن سنعمل معًا على تحديد خطوات صغيرة، لتنفيذ أهدافك. قد يبدو هذا صعبًا في البداية، ولكننا سنبدأ بمرحلة بسيطة، ونستمر معًا.

كما أننا سنعمل على تنمية مهارات للتعامل مع الأفكار اللاذعة، مثل هذه الأفكار الانتحارية. سنتعلم طرقًا لتعزيز إيجابيتك وتقليل التوتر.

لا تقلق، لأننا سنعمل معًا على تحسين حياتك تدريجيًا. دعنا نبدأ الآن.

ما هو الأول الذي تريد تغييره؟ ما هو أول خطوة ترغب في اتخاذها؟",cbtdp
q0048,يجيني اكتئاب مو دايم ومن أي شيى اكتئب ايش الحل,"أنا سمعتك وتعاطفي معك. يبدو أنك تشعر بالاكتئاب دائماً وتتطلع إلى الحلول. قبل كل شيء، أريد أن أطمئنك على أنك لست وحيدًا في شعورك هذا، وأننا سنعمل معًا على التعرف على الأسباب وراء هذا الشعور وتطوير استراتيجيات للتعامل معه.

أريد أن أسألك: ما هي الأوقات التي تشعر فيها بالاكتئاب؟ هل يحدث ذلك عندما تتعامل مع شخص ما، أو في مواقف معينة، أو عندما تفكر في المستقبل؟ من خلال الكلام معك، سنحاول فهم ما يحدث في ذهنك وتعزيز القوة لديك.

أريد أن نبدأ بتحديد الأسباب التي قد تساهم في شعورك بالاكتئاب. أيمكنك أن تصف لي كيف تشعر عندما تكون في تلك الأوقات؟ ما هي الأفكار التي تدور في رأسك؟ وما هي مشاعرك تجاه نفسك أو الحدوث؟

من جانب آخر، أريد أن أشاركك بعض الاستراتيجيات التي قد تساعدك في التعامل مع الشعور بالاكتئاب:

1.  **التفكير في الأشياء الإيجابية**: حاول أن تحفز نفسك بالتفكير في الأشياء الإيجابية في حياتك. ما هي الأشياء التي تحبها في نفسك؟ ما هي الأوقات التي تشعر فيها بالسعادة؟ قم بتدوينها في دفترك، حتى تتمكن من مراقبتها وزيادة تقديرها.
2.  **التحكم في أفكارك**: تعلم أنك لا تحتاج أن تعتقد كل ما يمر بذهنك. حاول أن تعرف أن أفكارك ليست الحقيقة. قم بالتحدث مع نفسك بشكل إيجابي، مثل: ""أنا قادر على التغلب على هذه الأوقات"" أو ""أنا قوي"".
3.  **التفاعل مع الأشخاص**: التواصل مع الأشخاص الذين يعطونك الدعم هو شيء حيوي. حاول أن تقترب منهم، أو قم بزيارتهم. يمكن أن يكون الحديث معهم عن مشاعرك أو قضاء الوقت معهم",cbtdp
q0049,لدي شك انني مصاب بانفصام الشخصية و بدأ الامر معي عام 2014 . اعاني من الادمان على تدخين الحشيش منذ عام 2005 الى يومنا هذا و قد حاولت بكل الطرق الطبية و لم انجح . اريد فقط التأكد من حالتي.,"أنا هنا لك، و أريد منك أن تعرفي أنك لمستقبلك واسع، وأنني هنا لتشجيعك و دعمك. أولاً: أريد أن أتأكد من أنك تشعرين بالسلامة في هذا الحوار. كيف تشعرين حاليًا؟ ما هي مشاعرك؟ ما الذي جعلتك تتردد في طلب المساعدة منذ عام 2005؟

حول انفصام الشخصية، لا تقلقي. يمكننا تحليل الأمر معًا. انفصام الشخصية هو حالة نفسية يمكن علاجها، ويمكننا التأكد من أنك تتلقى الرعاية التي تحتاجينها.

نظراً لأنك تتعاملين مع الادمان على الحشيش، و قد حاولت بكل الطرق الطبية، فإني أريد منك أن تعرفي أنك لست وحدك في هذا. يمكننا العمل معًا على توفير خطة لإنقاذك من الادمان.

أريد منك أن تعرفي أني هنا ليس لأني سأحكم عليك، ولكن لأيجاد طريقة معاك لتحسين حالتك. يمكننا البدء بتحليل أفكارك و مشاعرك، و اكتشاف ما قد يساعدك في التغلب على الادمان.

أريد منك أن تكن واثقاً في قدرتك على تغيير الأمور. يمكننا عمل خطوات صغيرة، مثل: 1) اتخاذ قرار بوقف التدخين، 2) اكتشاف الأسباب التي تجعلك تشعر بالحاجة للتدخين، و 3) العثور على أنشطة بديلة لتحل محل التدخين.

هل أنت مستعد لبدء هذه الخطوات معي؟",cbtdp
